Entity,Cantril ladder score
Afghanistan,1.721
Africa,4.384616
Albania,5.3042
Algeria,5.3635
Argentina,6.1881
Armenia,5.4549
Asia,5.0826163
Australia,7.0569
Austria,6.9047
Azerbaijan,4.8934
Bahrain,5.9591
Bangladesh,3.8859
Belgium,6.8942
Benin,4.3774
Bolivia,5.7843
Bosnia and Herzegovina,5.877
Botswana,3.3834
Brazil,6.272
Bulgaria,5.4627
Burkina Faso,4.548
Cambodia,4.3407
Cameroon,4.8744
Canada,6.8996
Chad,4.4713
Chile,6.3603
China,5.9727
Colombia,5.6951
Comoros,3.5663
Congo,5.2215
Costa Rica,6.9554
Cote d'Ivoire,5.0801
Croatia,5.9423
Cyprus,6.0681
Czechia,6.8218
Democratic Republic of Congo,3.2954
Denmark,7.5827
Dominican Republic,5.8228
Ecuador,5.7245
Egypt,3.9766
El Salvador,6.4687
Estonia,6.4477
Eswatini,3.502
Ethiopia,3.8609
Europe,6.3437443
Finland,7.7407
France,6.609
Gabon,5.1063
Gambia,4.4849
Georgia,5.1847
Germany,6.7185
Ghana,4.2894
Greece,5.9336
Guatemala,6.287
Guinea,5.0233
High-income countries,6.5821767
Honduras,5.9684
Hong Kong,5.3164
Hungary,6.0169
Iceland,7.5251
India,4.0541
Indonesia,5.5683
Iran,4.9228
Iraq,5.166
Ireland,6.838
Israel,7.3411
Italy,6.3235
Jamaica,5.8417
Japan,6.0598
Jordan,4.1858
Kazakhstan,6.1875
Kenya,4.4696
Kosovo,6.561
Kuwait,6.9514
Kyrgyzstan,5.7135
Laos,5.1389
Latvia,6.2345
Lebanon,2.7065
Lesotho,3.1862
Liberia,4.2686
Libya,5.8663
Lithuania,6.8175
Low-income countries,3.8080618
Lower-middle-income countries,4.440429
Luxembourg,7.1219
Madagascar,4.2279
Malawi,3.421
Malaysia,5.9752
Mali,4.232
Malta,6.3458
Mauritania,4.5051
Mauritius,5.8164
Mexico,6.678
Moldova,5.8159
Mongolia,5.6962
Montenegro,5.707
Morocco,4.7947
Mozambique,5.2164
Myanmar,4.3545
Namibia,4.8317
Nepal,5.1584
Netherlands,7.3194
New Zealand,7.0292
Nicaragua,6.2839
Niger,4.5563
Nigeria,4.8808
North America,6.667126
North Macedonia,5.3691
Norway,7.3017
Oceania,7.0523267
Pakistan,4.6567
Palestine,4.8795
Panama,6.3582
Paraguay,5.9765
Peru,5.8409
Philippines,6.0476
Poland,6.4415
Portugal,6.0296
Romania,6.4912
Russia,5.7853
Saudi Arabia,6.5935
Senegal,4.9686
Serbia,6.4108
Sierra Leone,3.2452
Singapore,6.5228
Slovakia,6.2571
Slovenia,6.7433
South Africa,5.422
South America,6.0824475
South Korea,6.0579
Spain,6.4209
Sri Lanka,3.8981
Sweden,7.3441
Switzerland,7.0602
Taiwan,6.5035
Tajikistan,5.2807
Tanzania,3.7806
Thailand,5.9761
Togo,4.2141
Tunisia,4.4218
Turkey,4.9753
Uganda,4.3717
Ukraine,4.873
United Arab Emirates,6.7331
United Kingdom,6.749
United States,6.7248
Upper-middle-income countries,5.9067183
Uruguay,6.6115
Uzbekistan,6.195
Venezuela,5.6067
Vietnam,6.043
World,5.266165
Yemen,3.561
Zambia,3.5024
Zimbabwe,3.3411