"","Entity","Code","Year","Civil.liberties.index..best.estimate..aggregate..average."
"1","Afghanistan","AFG",2023,0.053
"2","Africa","",2023,0.59239286
"3","Albania","ALB",2023,0.881
"4","Algeria","DZA",2023,0.428
"5","Angola","AGO",2023,0.616
"6","Argentina","ARG",2023,0.897
"7","Armenia","ARM",2023,0.838
"8","Asia","",2023,0.49508166
"9","Australia","AUS",2023,0.917
"10","Austria","AUT",2023,0.928
"11","Azerbaijan","AZE",2023,0.356
"12","Bahrain","BHR",2023,0.282
"13","Bangladesh","BGD",2023,0.423
"14","Barbados","BRB",2023,0.922
"15","Belarus","BLR",2023,0.213
"16","Belgium","BEL",2023,0.957
"17","Benin","BEN",2023,0.83
"18","Bhutan","BTN",2023,0.721
"19","Bolivia","BOL",2023,0.795
"20","Bosnia and Herzegovina","BIH",2023,0.813
"21","Botswana","BWA",2023,0.83
"22","Brazil","BRA",2023,0.841
"23","Bulgaria","BGR",2023,0.896
"24","Burkina Faso","BFA",2023,0.671
"25","Burundi","BDI",2023,0.251
"26","Cambodia","KHM",2023,0.287
"27","Cameroon","CMR",2023,0.565
"28","Canada","CAN",2023,0.907
"29","Cape Verde","CPV",2023,0.923
"30","Central African Republic","CAF",2023,0.423
"31","Chad","TCD",2023,0.297
"32","Chile","CHL",2023,0.929
"33","China","CHN",2023,0.172
"34","Colombia","COL",2023,0.798
"35","Comoros","COM",2023,0.491
"36","Congo","COG",2023,0.284
"37","Costa Rica","CRI",2023,0.934
"38","Cote d'Ivoire","CIV",2023,0.735
"39","Croatia","HRV",2023,0.9
"40","Cuba","CUB",2023,0.295
"41","Cyprus","CYP",2023,0.895
"42","Czechia","CZE",2023,0.953
"43","Democratic Republic of Congo","COD",2023,0.412
"44","Denmark","DNK",2023,0.96
"45","Djibouti","DJI",2023,0.413
"46","Dominican Republic","DOM",2023,0.89
"47","East Timor","TLS",2023,0.857
"48","Ecuador","ECU",2023,0.828
"49","Egypt","EGY",2023,0.249
"50","El Salvador","SLV",2023,0.511
"51","Equatorial Guinea","GNQ",2023,0.252
"52","Eritrea","ERI",2023,0.056
"53","Estonia","EST",2023,0.962
"54","Eswatini","SWZ",2023,0.177
"55","Ethiopia","ETH",2023,0.378
"56","Europe","",2023,0.8685122
"57","Fiji","FJI",2023,0.758
"58","Finland","FIN",2023,0.957
"59","France","FRA",2023,0.917
"60","Gabon","GAB",2023,0.794
"61","Gambia","GMB",2023,0.882
"62","Georgia","GEO",2023,0.869
"63","Germany","DEU",2023,0.952
"64","Ghana","GHA",2023,0.904
"65","Greece","GRC",2023,0.881
"66","Guatemala","GTM",2023,0.702
"67","Guinea","GIN",2023,0.324
"68","Guinea-Bissau","GNB",2023,0.74
"69","Guyana","GUY",2023,0.855
"70","Haiti","HTI",2023,0.629
"71","Honduras","HND",2023,0.819
"72","Hong Kong","HKG",2023,0.616
"73","Hungary","HUN",2023,0.822
"74","Iceland","ISL",2023,0.953
"75","India","IND",2023,0.556
"76","Indonesia","IDN",2023,0.735
"77","Iran","IRN",2023,0.221
"78","Iraq","IRQ",2023,0.492
"79","Ireland","IRL",2023,0.958
"80","Israel","ISR",2023,0.814
"81","Italy","ITA",2023,0.92
"82","Jamaica","JAM",2023,0.876
"83","Japan","JPN",2023,0.931
"84","Jordan","JOR",2023,0.671
"85","Kazakhstan","KAZ",2023,0.534
"86","Kenya","KEN",2023,0.776
"87","Kosovo","OWID_KOS",2023,0.824
"88","Kuwait","KWT",2023,0.587
"89","Kyrgyzstan","KGZ",2023,0.559
"90","Laos","LAO",2023,0.151
"91","Latvia","LVA",2023,0.924
"92","Lebanon","LBN",2023,0.679
"93","Lesotho","LSO",2023,0.779
"94","Liberia","LBR",2023,0.853
"95","Libya","LBY",2023,0.322
"96","Lithuania","LTU",2023,0.912
"97","Luxembourg","LUX",2023,0.947
"98","Madagascar","MDG",2023,0.74
"99","Malawi","MWI",2023,0.782
"100","Malaysia","MYS",2023,0.753
"101","Maldives","MDV",2023,0.737
"102","Mali","MLI",2023,0.716
"103","Malta","MLT",2023,0.907
"104","Mauritania","MRT",2023,0.616
"105","Mauritius","MUS",2023,0.725
"106","Mexico","MEX",2023,0.677
"107","Moldova","MDA",2023,0.901
"108","Mongolia","MNG",2023,0.818
"109","Montenegro","MNE",2023,0.895
"110","Morocco","MAR",2023,0.629
"111","Mozambique","MOZ",2023,0.596
"112","Myanmar","MMR",2023,0.113
"113","Namibia","NAM",2023,0.855
"114","Nepal","NPL",2023,0.775
"115","Netherlands","NLD",2023,0.921
"116","New Zealand","NZL",2023,0.962
"117","Nicaragua","NIC",2023,0.13
"118","Niger","NER",2023,0.785
"119","Nigeria","NGA",2023,0.652
"120","North America","",2023,0.73246664
"121","North Korea","PRK",2023,0.018
"122","North Macedonia","MKD",2023,0.807
"123","Norway","NOR",2023,0.933
"124","Oceania","",2023,0.86083335
"125","Oman","OMN",2023,0.448
"126","Pakistan","PAK",2023,0.437
"127","Palestine/Gaza","",2023,0.301
"128","Palestine/West Bank","",2023,0.546
"129","Panama","PAN",2023,0.883
"130","Papua New Guinea","PNG",2023,0.802
"131","Paraguay","PRY",2023,0.792
"132","Peru","PER",2023,0.848
"133","Philippines","PHL",2023,0.556
"134","Poland","POL",2023,0.835
"135","Portugal","PRT",2023,0.923
"136","Qatar","QAT",2023,0.361
"137","Romania","ROU",2023,0.878
"138","Russia","RUS",2023,0.296
"139","Rwanda","RWA",2023,0.19
"140","Sao Tome and Principe","STP",2023,0.902
"141","Saudi Arabia","SAU",2023,0.165
"142","Senegal","SEN",2023,0.829
"143","Serbia","SRB",2023,0.787
"144","Seychelles","SYC",2023,0.888
"145","Sierra Leone","SLE",2023,0.811
"146","Singapore","SGP",2023,0.719
"147","Slovakia","SVK",2023,0.916
"148","Slovenia","SVN",2023,0.903
"149","Solomon Islands","SLB",2023,0.85
"150","Somalia","SOM",2023,0.442
"151","Somaliland","OWID_SML",2023,0.619
"152","South Africa","ZAF",2023,0.832
"153","South America","",2023,0.81333333
"154","South Korea","KOR",2023,0.884
"155","South Sudan","SSD",2023,0.207
"156","Spain","ESP",2023,0.946
"157","Sri Lanka","LKA",2023,0.726
"158","Sudan","SDN",2023,0.238
"159","Suriname","SUR",2023,0.895
"160","Sweden","SWE",2023,0.961
"161","Switzerland","CHE",2023,0.955
"162","Syria","SYR",2023,0.133
"163","Taiwan","TWN",2023,0.936
"164","Tajikistan","TJK",2023,0.183
"165","Tanzania","TZA",2023,0.816
"166","Thailand","THA",2023,0.438
"167","Togo","TGO",2023,0.63
"168","Trinidad and Tobago","TTO",2023,0.884
"169","Tunisia","TUN",2023,0.725
"170","Turkey","TUR",2023,0.382
"171","Turkmenistan","TKM",2023,0.108
"172","Uganda","UGA",2023,0.42
"173","Ukraine","UKR",2023,0.625
"174","United Arab Emirates","ARE",2023,0.348
"175","United Kingdom","GBR",2023,0.895
"176","United States","USA",2023,0.928
"177","Uruguay","URY",2023,0.936
"178","Uzbekistan","UZB",2023,0.374
"179","Vanuatu","VUT",2023,0.876
"180","Venezuela","VEN",2023,0.346
"181","Vietnam","VNM",2023,0.373
"182","World","OWID_WRL",2023,0.6645475
"183","Yemen","YEM",2023,0.223
"184","Zambia","ZMB",2023,0.823
"185","Zanzibar","OWID_ZAN",2023,0.657
"186","Zimbabwe","ZWE",2023,0.394
