Entity,Fixed broadband subscriptions (per 100 people)
Afghanistan,0.0800873
Albania,22.472
Algeria,12.0087
Andorra,51.7401
Angola,0.373669
Argentina,25.3581
Armenia,18.5458
Australia,36.4146
Austria,29.6478
Azerbaijan,20.8825
Bahamas,23.8163
Bahrain,17.0462
Bangladesh,7.51447
Belarus,35.0932
Belgium,43.7026
Benin,0.170838
Bhutan,1.31882
Bosnia and Herzegovina,28.5064
Botswana,3.41216
Brazil,22.9115
Brunei,20.212
Bulgaria,36.0803
Burundi,0.0203441
Canada,43.1752
Cape Verde,7.23009
Chile,22.9954
China,44.7289
Colombia,17.037
Comoros,0.387941
Congo,1.26798
Costa Rica,22.5231
Cote d'Ivoire,1.36337
Croatia,28.4709
Cuba,2.97118
Cyprus,38.7322
Czechia,37.9249
Denmark,44.4825
Djibouti,1.47206
Dominican Republic,11.1346
East Asia and Pacific (WB),33.2
East Timor,0.00577915
Ecuador,16.0679
Egypt,11.8663
Estonia,37.7484
Eswatini,2.74627
Europe and Central Asia (WB),32.5
European Union (27),
Finland,35.3318
France,48.6192
Georgia,28.9528
Germany,45.3805
Ghana,0.660893
Greece,43.7095
Guatemala,5.08083
Guinea-Bissau,0.310448
High-income countries,37
Honduras,4.47165
Hong Kong,39.884
Hungary,36.7902
Iceland,37.4246
India,
Indonesia,4.81664
Iran,12.0206
Iraq,17.2313
Ireland,31.8399
Israel,29.8678
Italy,33.7932
Jamaica,15.7852
Japan,38.5463
Jordan,7.03749
Kazakhstan,17.6345
Kenya,2.38883
Kiribati,0.332
Kuwait,1.01366
Kyrgyzstan,6.44653
Latin America and Caribbean (WB),18.4
Latvia,25.9925
Lesotho,0.383738
Liechtenstein,49.803
Lithuania,28.231
Low-income countries,0.5
Lower-middle-income countries,4.2
Luxembourg,
Macao,29.6759
Madagascar,0.107754
Malawi,0.0795566
Malaysia,13.0287
Maldives,18.7278
Malta,44.2802
Mauritius,26.9082
Mexico,20.5322
Middle East and North Africa (WB),13.5
Moldova,27.4209
Monaco,55.8836
Mongolia,14.5529
Montenegro,32.0155
Morocco,
Myanmar,2.7983
Namibia,3.51953
Netherlands,43.2644
New Zealand,37.3153
Nicaragua,5.43031
Nigeria,0.0512838
North America (WB),38.6
Norway,
Oman,10.8793
Pakistan,1.35622
Palau,7.33345
Palestine,7.97007
Panama,18.1341
Paraguay,12.8221
Peru,10.4219
Philippines,6.53931
Poland,26.114
Portugal,44.1116
Puerto Rico,23.1596
Qatar,11.6411
Romania,34.6617
Russia,
Rwanda,0.445556
Saint Vincent and the Grenadines,30.4936
Sao Tome and Principe,2.5014
Saudi Arabia,43.5732
Senegal,1.97393
Serbia,31.315
Seychelles,30.7719
Singapore,27.1873
Slovakia,33.1726
Slovenia,32.2361
South Africa,3.40566
South Asia (WB),3
South Korea,46.5676
South Sudan,0.00174165
Spain,38.0836
Sri Lanka,8.76545
Sub-Saharan Africa (WB),0.8
Suriname,
Sweden,40.734
Switzerland,48.7898
Syria,6.86125
Tanzania,2.499
Thailand,16.0162
Togo,1.22816
Trinidad and Tobago,26.8942
Tunisia,14.1436
Turkey,22.4592
Uganda,0.091297
Ukraine,19.675
United Arab Emirates,37.0968
United Kingdom,41.0407
United States,38.0508
Upper-middle-income countries,29.8
Uruguay,32.4022
Uzbekistan,30.2699
Vietnam,22.6807
World,
Zambia,0.477471
Zimbabwe,1.64735