Entity,Median age - Sex: all - Age: all - Variant: estimates
Afghanistan,16.94
Africa (UN),19.032
Albania,36.277
Algeria,28.189
American Samoa,28.435
Andorra,43.162
Angola,16.452
Anguilla,38.013
Antigua and Barbuda,35.486
Argentina,32.122
Armenia,35.832
Aruba,41.02
Asia (UN),31.737
Australia,37.751
Austria,43.086
Azerbaijan,32.596
Bahamas,34.597
Bahrain,32.876
Bangladesh,25.325
Barbados,38.905
Belarus,40.535
Belgium,41.44
Belize,25.946
Benin,17.772
Bermuda,45.14
Bhutan,29.388
Bolivia,24.664
Bonaire Sint Eustatius and Saba,39.665
Bosnia and Herzegovina,44.915
Botswana,22.882
Brazil,33.942
British Virgin Islands,37.546
Brunei,31.76
Bulgaria,44.314
Burkina Faso,17.254
Burundi,15.902
Cambodia,25.844
Cameroon,17.752
Canada,40.343
Cape Verde,27.87
Cayman Islands,37.875
Central African Republic,14.32
Chad,15.401
Chile,35.969
China,39.066
Colombia,31.606
Comoros,20.331
Congo,18.308
Cook Islands,35.075
Costa Rica,34.07
Cote d'Ivoire,18.097
Croatia,44.761
Cuba,41.709
Curacao,38.231
Cyprus,37.756
Czechia,42.716
Democratic Republic of Congo,15.768
Denmark,41.249
Djibouti,24.389
Dominica,35.618
Dominican Republic,27.653
East Timor,20.969
Ecuador,28.406
Egypt,24.028
El Salvador,26.956
Equatorial Guinea,20.979
Eritrea,18.651
Estonia,41.89
Eswatini,21.995
Ethiopia,18.733
Europe (UN),42.231
Falkland Islands,41.535
Faroe Islands,37.258
Fiji,27.666
Finland,42.789
France,41.817
French Guiana,25.221
French Polynesia,34.791
Gabon,21.503
Gambia,18.17
Georgia,36.796
Germany,45.147
Ghana,20.931
Gibraltar,38.882
Greece,45.747
Greenland,34.229
Grenada,33.385
Guadeloupe,46.574
Guam,31.12
Guatemala,22.63
Guernsey,43.978
Guinea,17.984
Guinea-Bissau,18.943
Guyana,25.607
Haiti,23.511
High-income countries,40.918
Honduras,23.546
Hong Kong,46.155
Hungary,43.317
Iceland,35.808
India,28.06
Indonesia,29.831
Iran,32.866
Iraq,20.345
Ireland,38.416
Isle of Man,45.676
Israel,29.15
Italy,47.461
Jamaica,31.673
Japan,48.958
Jersey,43.101
Jordan,24.279
Kazakhstan,29.464
Kenya,19.526
Kiribati,22.686
Kosovo,31.43
Kuwait,34.499
Kyrgyzstan,25.127
Laos,24.284
Latin America and the Caribbean (UN),30.928
Latvia,43.078
Least developed countries,19.224
Lebanon,28.323
Lesotho,21.427
Less developed regions,28.45
"Less developed regions, excluding China",25.625
"Less developed regions, excluding least developed countries",30.613
Liberia,18.358
Libya,27.196
Liechtenstein,44.199
Lithuania,42.119
Low-income countries,17.86
Lower-middle-income countries,25.455
Luxembourg,38.892
Macao,38.31
Madagascar,18.877
Malawi,17.58
Malaysia,30.058
Maldives,31.124
Mali,15.466
Malta,40.281
Marshall Islands,20.699
Martinique,48.788
Mauritania,17.119
Mauritius,36.933
Mayotte,16.786
Mexico,28.886
Micronesia (country),22.85
Moldova,37.754
Monaco,54.356
Mongolia,26.752
Montenegro,39.291
Montserrat,41.546
More developed regions,41.639
Morocco,29.194
Mozambique,16.323
Myanmar,29.534
Namibia,20.957
Nauru,20.434
Nepal,24.679
Netherlands,41.396
New Caledonia,33.891
New Zealand,37.28
Nicaragua,25.267
Niger,15.25
Nigeria,17.754
Niue,36.555
North Korea,36.048
North Macedonia,40.26
Northern America (UN),38.265
Northern Mariana Islands,36.136
Norway,39.54
Oceania (UN),32.885
Oman,29.268
Pakistan,20.287
Palau,37.843
Palestine,19.763
Panama,29.603
Papua New Guinea,22.344
Paraguay,26.341
Peru,29.451
Philippines,25.287
Poland,41.31
Portugal,46.2
Puerto Rico,45.306
Qatar,33.189
Reunion,37.43
Romania,42.621
Russia,39.454
Rwanda,19.44
Saint Barthelemy,38.81
Saint Helena,50.45
Saint Kitts and Nevis,35.349
Saint Lucia,33.745
Saint Martin (French part),39.363
Saint Pierre and Miquelon,46.403
Saint Vincent and the Grenadines,33.897
Samoa,19.904
San Marino,47.393
Sao Tome and Principe,19.052
Saudi Arabia,29.247
Senegal,19.129
Serbia,43.872
Seychelles,33.653
Sierra Leone,19.27
Singapore,35.102
Sint Maarten (Dutch part),41.587
Slovakia,41.302
Slovenia,43.894
Solomon Islands,20.251
Somalia,15.447
South Africa,28.213
South Korea,44.486
South Sudan,17.97
Spain,44.903
Sri Lanka,32.812
Sudan,18.276
Suriname,28.1
Sweden,39.913
Switzerland,42.331
Syria,22.249
Taiwan,43.538
Tajikistan,21.925
Tanzania,17.24
Thailand,39.658
Togo,18.818
Tokelau,26.65
Tonga,20.695
Trinidad and Tobago,36.718
Tunisia,32.127
Turkey,32.52
Turkmenistan,26.232
Turks and Caicos Islands,38.298
Tuvalu,24.286
Uganda,16.514
Ukraine,41.984
United Arab Emirates,31.232
United Kingdom,39.782
United States,38.023
United States Virgin Islands,44.667
Upper-middle-income countries,35.504
Uruguay,35.779
Uzbekistan,26.914
Vanuatu,20.143
Vatican,59.625
Venezuela,29.025
Vietnam,32.429
Wallis and Futuna,37.166
Western Sahara,32.037
World,30.364
Yemen,18.184
Zambia,17.49
Zimbabwe,17.808