Entity,Ratio of female to male labor force participation rate (%) (modeled ILO estimate)
Afghanistan,6.9853578
Albania,78.0831
Algeria,25.09815
Angola,93.59885
Argentina,71.48984
Armenia,81.992676
Australia,86.20434
Austria,84.84794
Azerbaijan,92.02665
Bahamas,82.15592
Bahrain,50.669315
Bangladesh,46.168625
Barbados,88.708115
Belarus,82.82052
Belgium,85.03112
Belize,65.09166
Benin,82.48869
Bhutan,87.351814
Bolivia,72.962944
Bosnia and Herzegovina,67.67407
Botswana,86.25364
Brazil,72.80288
Brunei,76.2516
Bulgaria,80.10007
Burkina Faso,79.042
Burundi,99.927704
Cambodia,84.24832
Cameroon,87.73321
Canada,88.20093
Cape Verde,78.75779
Central African Republic,81.352516
Chad,67.24537
Channel Islands,78.20501
Chile,72.797195
China,83.9544
Colombia,67.8844
Comoros,59.71964
Congo,97.19599
Costa Rica,63.40848
Cote d'Ivoire,78.18484
Croatia,83.119156
Cuba,58.561745
Cyprus,85.54718
Czechia,75.677765
Democratic Republic of Congo,90.8349
Denmark,87.80427
Djibouti,40.112984
Dominican Republic,68.035255
East Asia and Pacific (WB),79.8972
East Timor,84.67137
Ecuador,68.255905
Egypt,23.071962
El Salvador,60.250057
Equatorial Guinea,86.72092
Eritrea,83.38942
Estonia,86.05915
Eswatini,86.6591
Ethiopia,87.04558
Europe and Central Asia (WB),78.336205
European Union (27),81.853035
Fiji,50.61607
Finland,90.75786
France,87.8134
French Polynesia,78.69904
Gabon,69.24677
Gambia,85.86089
Georgia,75.1502
Germany,84.2256
Ghana,90.09096
Greece,76.57426
Guam,81.92889
Guatemala,50.350883
Guinea,66.537445
Guinea-Bissau,77.0282
Guyana,63.38107
Haiti,86.76682
High-income countries,80.30362
Honduras,66.02473
Hong Kong,81.81207
Hungary,78.597435
Iceland,89.251915
India,42.55685
Indonesia,65.03412
Iran,20.373178
Iraq,15.768607
Ireland,85.046234
Israel,88.53599
Italy,70.21487
Jamaica,81.035
Japan,76.666016
Jordan,22.381021
Kazakhstan,84.756615
Kenya,95.896034
Kuwait,55.3907
Kyrgyzstan,67.7152
Laos,88.50642
Latin America and Caribbean (WB),68.7644
Latvia,81.4881
Lebanon,41.964054
Lesotho,78.849106
Liberia,88.929955
Libya,56.658737
Lithuania,83.85017
Low-income countries,78.52877
Lower-middle-income countries,53.436848
Luxembourg,86.29037
Macao,86.07954
Madagascar,94.014114
Malawi,85.58138
Malaysia,66.18013
Maldives,54.142017
Mali,62.855057
Malta,78.12706
Mauritania,46.129124
Mauritius,62.75534
Mexico,60.486217
Middle East and North Africa (WB),30.050215
Middle-income countries,65.13734
Moldova,98.36046
Mongolia,77.87962
Montenegro,77.17198
Morocco,29.023422
Mozambique,98.41742
Myanmar,59.400185
Namibia,87.689095
Nepal,53.168335
Netherlands,87.56668
New Caledonia,85.865425
New Zealand,88.02011
Nicaragua,59.865345
Niger,73.81763
Nigeria,79.201
North America (WB),84.35752
North Korea,87.38286
North Macedonia,67.93767
Norway,89.9454
Oman,36.221283
Pakistan,30.188866
Panama,65.90421
Papua New Guinea,96.52183
Paraguay,72.223236
Peru,82.872665
Philippines,64.593285
Poland,77.08726
Portugal,86.86861
Puerto Rico,60.97417
Qatar,66.406746
Romania,68.61224
Russia,78.85933
Rwanda,82.90351
Saint Lucia,85.0958
Saint Vincent and the Grenadines,73.12244
Samoa,61.501442
Sao Tome and Principe,53.601955
Saudi Arabia,43.183723
Senegal,58.83393
Serbia,75.04973
Sierra Leone,91.47621
Singapore,80.893005
Slovakia,83.556984
Slovenia,85.23062
Solomon Islands,95.93881
Somalia,44.746696
South Africa,81.49923
South Asia (WB),41.35129
South Korea,76.04647
South Sudan,98.93647
Spain,83.74869
Sri Lanka,44.638584
Sub-Saharan Africa (WB),83.987015
Sudan,41.08846
Suriname,69.69257
Sweden,89.90382
Switzerland,85.65199
Syria,22.228687
Tajikistan,61.670544
Tanzania,89.82289
Thailand,78.29993
Togo,94.000336
Tonga,64.7426
Trinidad and Tobago,71.9186
Tunisia,38.898144
Turkey,49.38732
Turkmenistan,105.664986
Uganda,93.37865
United Arab Emirates,59.4601
United Kingdom,87.49418
United States,83.859146
United States Virgin Islands,68.12794
Upper-middle-income countries,75.32493
Uruguay,76.99339
Uzbekistan,54.810318
Vanuatu,77.09855
Venezuela,55.496243
Vietnam,88.02782
World,69.07593
Yemen,8.444503
Zambia,77.45284
Zimbabwe,83.22722