Entity,Individuals using the Internet (% of population)
Albania,83.1356
Argentina,89.229
Austria,95.3347
Bahrain,100
Bangladesh,44.5027
Belarus,91.5125
Belgium,94.6263
Bosnia and Herzegovina,83.3772
Brazil,84.1506
Bulgaria,80.3896
Chile,94.1192
China,77.4827
Costa Rica,85.127
Croatia,83.2412
Cyprus,91.2212
Czechia,85.9941
Denmark,98.7756
East Asia and Pacific (WB),79
Ecuador,72.6943
Estonia,93.1834
Europe and Central Asia (WB),90.1
European Union (27),90.16461
Finland,93.5139
France,86.8364
Georgia,81.8842
Germany,92.4764
Greece,85.0102
High-income countries,93.1
Hungary,91.4501
Indonesia,69.2084
Italy,87.0278
Kazakhstan,92.8785
Kuwait,99.7473
Latin America and Caribbean (WB),81
Latvia,92.1879
Lithuania,88.5029
Low-income countries,27.1
Lower-middle-income countries,53.4
Luxembourg,99.3479
Malawi,18
Malaysia,97.6927
Malta,91.9155
Mexico,81.1832
Middle East and North Africa (WB),77.7
Netherlands,97.0068
North America (WB),97.3
Norway,99
Oman,95.2517
Palestine,86.6377
Paraguay,78.0948
Poland,86.4147
Portugal,85.7901
Romania,89.2034
Russia,92.245
Saudi Arabia,100
Serbia,85.3575
Singapore,94.2863
Slovakia,87.2131
Slovenia,90.3779
South Korea,97.416
Spain,95.4456
Sub-Saharan Africa (WB),36.7
Sweden,95.7033
Switzerland,97.3444
Thailand,89.5352
Turkey,85.9607
United Arab Emirates,100
Upper-middle-income countries,80
Uzbekistan,89.0136
Vietnam,78.08
World,67.4