Entity,Urban population (% of total population)
Afghanistan,26.933
Albania,64.603
Algeria,75.268
American Samoa,87.235
Andorra,87.774
Angola,68.688
Antigua and Barbuda,24.332
Argentina,92.463
Armenia,63.739
Aruba,44.254
Australia,86.617
Austria,59.53
Azerbaijan,57.577
Bahamas,83.625
Bahrain,89.869
Bangladesh,40.473
Barbados,31.425
Belarus,80.731
Belgium,98.189
Belize,46.608
Benin,50.1
Bermuda,100
Bhutan,44.35
Bolivia,71.186
Bosnia and Herzegovina,50.269
Botswana,72.867
Brazil,87.788
British Virgin Islands,49.748
Brunei,79.149
Bulgaria,76.701
Burkina Faso,32.52
Burundi,14.784
Cambodia,25.57
Cameroon,59.315
Canada,81.862
Cape Verde,67.982
Cayman Islands,100
Central African Republic,43.614
Chad,24.366
Channel Islands,31.159
Chile,88.012
China,64.57
Colombia,82.354
Comoros,30.132
Congo,69.188
Costa Rica,82.622
Cote d'Ivoire,53.149
Croatia,58.575
Cuba,77.523
Curacao,89.023
Cyprus,66.987
Czechia,74.552
Democratic Republic of Congo,47.444
Denmark,88.495
Djibouti,78.552
Dominica,72.006
Dominican Republic,84.446
East Asia and Pacific (WB),62.98238
East Timor,32.456
Ecuador,64.792
Egypt,43.1
El Salvador,75.393
Equatorial Guinea,74.448
Eritrea,43.267
Estonia,69.81
Eswatini,24.79
Ethiopia,23.157
Europe and Central Asia (WB),73.27848
European Union (27),75.70103
Faeroe Islands,42.987
Fiji,58.713
Finland,85.773
France,81.777
French Polynesia,62.288
Gabon,91.029
Gambia,64.472
Georgia,60.727
Germany,77.765
Ghana,59.238
Gibraltar,100
Greece,80.673
Greenland,87.94
Grenada,37.059
Guam,95.166
Guatemala,53.098
Guinea,38.085
Guinea-Bissau,45.466
Guyana,27.162
Haiti,59.656
High-income countries,81.15237
Honduras,60.212
Hong Kong,100
Hungary,72.864
Iceland,94.042
India,36.364
Indonesia,58.572
Iran,77.257
Iraq,71.599
Ireland,64.466
Isle of Man,53.482
Israel,92.854
Italy,71.973
Jamaica,57.378
Japan,92.043
Jordan,92.02
Kazakhstan,58.179
Kenya,29.52
Kiribati,57.762
Kuwait,100
Kyrgyzstan,37.801
Laos,38.247
Latin America and Caribbean (WB),81.80116
Latvia,68.671
Lebanon,89.432
Lesotho,30.415
Liberia,53.567
Libya,81.606
Liechtenstein,14.617
Lithuania,68.694
Low-income countries,35.10416
Lower-middle-income countries,40.966694
Luxembourg,92.078
Macao,100
Madagascar,40.556
Malawi,18.28
Malaysia,78.716
Maldives,41.971
Mali,46.189
Malta,94.941
Marshall Islands,78.868
Mauritania,57.699
Mauritius,40.867
Mexico,81.582
Micronesia (country),23.379
Middle East and North Africa (WB),66.05585
Middle-income countries,54.188953
Moldova,43.373
Monaco,100
Mongolia,69.089
Montenegro,68.502
Morocco,65.121
Mozambique,38.753
Myanmar,32.112
Namibia,54.886
Nauru,100
Nepal,21.903
Netherlands,93.179
New Caledonia,72.719
New Zealand,86.985
Nicaragua,59.849
Niger,17.054
Nigeria,54.283
North America (WB),83.14736
North Korea,63.203
North Macedonia,59.479
Northern Mariana Islands,92.076
Norway,83.995
Oman,88.4
Pakistan,38.04
Palau,82.408
Palestine,77.582
Panama,69.512
Papua New Guinea,13.723
Paraguay,63.149
Peru,78.922
Philippines,48.287
Poland,60.218
Portugal,67.906
Puerto Rico,93.634
Qatar,99.354
Romania,54.672
Russia,75.331
Rwanda,17.892
Saint Kitts and Nevis,31.096
Saint Lucia,19.172
Saint Vincent and the Grenadines,54.299
Samoa,17.508
San Marino,97.836
Sao Tome and Principe,76.401
Saudi Arabia,84.95
Senegal,49.579
Serbia,57.113
Seychelles,58.82
Sierra Leone,44.3
Singapore,100
Sint Maarten (Dutch part),100
Slovakia,54.027
Slovenia,56.088
Solomon Islands,26.037
Somalia,47.92
South Africa,68.819
South Asia (WB),36.328247
South Korea,81.456
South Sudan,21.195
Spain,81.552
Sri Lanka,19.211
Sub-Saharan Africa (WB),42.988125
Sudan,36.342
Suriname,66.411
Sweden,88.738
Switzerland,74.202
Syria,57.409
Tajikistan,28.234
Tanzania,37.409
Thailand,53.608
Togo,44.49
Tonga,23.16
Trinidad and Tobago,53.439
Tunisia,70.544
Turkey,77.463
Turkmenistan,54.003
Turks and Caicos Islands,94.247
Tuvalu,66.241
Uganda,26.771
Ukraine,70.095
United Arab Emirates,87.779
United Kingdom,84.642
United States,83.298
United States Virgin Islands,96.227
Upper-middle-income countries,68.65434
Uruguay,95.771
Uzbekistan,50.532
Vanuatu,25.976
Venezuela,88.438
Vietnam,39.48
World,57.25028
Yemen,39.831
Zambia,46.335
Zimbabwe,32.517